utente,pagina_0,pagina_1,pagina_2,pagina_3,pagina_4,pagina_5,pagina_6,pagina_7,pagina_8,pagina_9,pagina_10,pagina_11,pagina_12,pagina_13,pagina_14,pagina_15,pagina_16,pagina_17,pagina_18,pagina_19
Utente_1,0.5528199769079077,0.2965101436477985,0.4197808564462765,0.25620694359445806,0.6115137108656805,0.08159418040024036,0.005184862773986776,0.6278944149486361,0.19427395351204224,0.07094091699992766,0.3967838272138884,0.050768531039396936,0.8866171489506599,0.027616771873704704,0.5788648955075587,0.43847412301808697,0.6720261352951994,0.32815266747473193,0.1550416167277442,0.9818408883105311
Utente_2,0.8389335020693633,0.8604046183116753,0.25025136051586405,0.0388347344294232,0.3032655146732228,0.5370824271966554,0.3266512417960409,0.8278690037875887,0.2715429158197419,0.9652518303907698,0.45726516161372854,0.8420230750119814,0.19438003399487302,0.41135390505667857,0.6995122107671938,0.13835309241780136,0.1327454222429698,0.969536867114159,0.7145951041799521,0.04106751676787579
Utente_3,0.39882090144479454,0.43352073758074205,0.7440426429991154,0.2508605273466612,0.18433367433137005,0.08087296661719767,0.42831447494010777,0.6884999007653664,0.05819359550844361,0.9152137276264805,0.44235222973110444,0.23978735915740323,0.09387329008129175,0.18286599710730733,0.9346139973397097,0.6382705938433504,0.5166962574265667,0.6571113285001668,0.43567289867789105,0.7300393165618185
Utente_4,0.04771612769164879,0.5660372104940763,0.15864644764249103,0.12016464780564218,0.3418796667164016,0.09179906581344188,0.09415698826856012,0.3114133093912942,0.9795105286215086,0.17533026988933853,0.017161101831750236,0.7633644230039109,0.8069129770507795,0.3463043210894008,0.4646738129396114,0.6497736826427634,0.048058924197033726,0.9491457315913859,0.8866803872980475,0.26089362334171395
Utente_5,0.01530454029038475,0.933436308079483,0.5010398839152592,0.5393774484000625,0.6839637693981411,0.6158511643899138,0.9438916045607572,0.9442515971251674,0.8671989335550038,0.6364035974460113,0.8009492946823997,0.6771683423829817,0.5733670416719333,0.12850035323391018,0.811204176736003,0.8206394757439553,0.6259396701015728,0.8204268437712681,0.651484771857788,0.20668435987674538
